<rdf:RDF xmlns:dcterms="http://purl.org/dc/terms/" xmlns:rdf="http://www.w3.org/1999/02/22-rdf-syntax-ns#" xmlns:dc="http://purl.org/dc/elements/1.1/" xmlns:hsterms="http://hydroshare.org/terms/">
  <rdf:Description rdf:about="http://localhost:8000/resource/ac28d18668aa4f0fa0a8f575735d8cb1">
    <dc:creator>
      <rdf:Description>
        <hsterms:name>Jeffrey Sadler</hsterms:name>
        <hsterms:creatorOrder>1</hsterms:creatorOrder>
        <hsterms:email>jeffrey.sadler2@gmail.com</hsterms:email>
      </rdf:Description>
    </dc:creator>
    <dc:date>
      <dcterms:created>
        <rdf:value>2015-02-10T09:01:38T-000010</rdf:value>
      </dcterms:created>
    </dc:date>
    <dc:date>
      <dcterms:modified>
        <rdf:value>2015-02-10T09:01:38T-000010</rdf:value>
      </dcterms:modified>
    </dc:date>
    <dc:identifier>
      <rdf:Description>
        <hsterms:hydroShareIdentifier>http://localhost:8000/resource/ac28d18668aa4f0fa0a8f575735d8cb1</hsterms:hydroShareIdentifier>
      </rdf:Description>
    </dc:identifier>
  <hsterms:method><rdf:Description><hsterms:value>Unknown method</hsterms:value></rdf:Description></hsterms:method><hsterms:qualitycontrollevel><rdf:Description><hsterms:value>Unknown</hsterms:value></rdf:Description></hsterms:qualitycontrollevel><hsterms:variable><rdf:Description><hsterms:name>Fluoride,dissolved</hsterms:name><hsterms:code>13</hsterms:code><hsterms:dataType/><hsterms:sampleMedium/></rdf:Description></hsterms:variable><hsterms:site><rdf:Description><hsterms:name>PipbaeckenNedre</hsterms:name><hsterms:code>wq1155</hsterms:code><hsterms:latitude>57.066221</hsterms:latitude><hsterms:longitude>12.789717</hsterms:longitude></rdf:Description></hsterms:site></rdf:Description>
</rdf:RDF>
