<?xml version="1.0"?>
<!DOCTYPE rdf:RDF PUBLIC "-//DUBLIN CORE//DCMES DTD 2002/07/31//EN"
"http://dublincore.org/documents/2002/07/31/dcmes-xml/dcmes-xml-dtd.dtd">
<rdf:RDF xmlns:dcterms="http://purl.org/dc/terms/" xmlns:rdf="http://www.w3.org/1999/02/22-rdf-syntax-ns#" xmlns:dc="http://purl.org/dc/elements/1.1/" xmlns:hsterms="http://hydroshare.org/terms/">
  <rdf:Description rdf:about="http://hydroshare.orgc089907ca48b4007bff7cd1ead5c51f4">
    <dc:title>Test RefTS resource</dc:title>
    <dc:type rdf:resource="reftimeseries"/>
    <dc:description>
      <rdf:Description>
        <dcterms:abstract>Test RefTS resource</dcterms:abstract>
      </rdf:Description>
    </dc:description>
    <dc:coverage/>
    <dc:date>
      <dcterms:created>
        <rdf:value>2015-01-16T10:55:26T-000016</rdf:value>
      </dcterms:created>
    </dc:date>
    <dc:date>
      <dcterms:modified>
        <rdf:value>2015-01-16T10:55:26T-000016</rdf:value>
      </dcterms:modified>
    </dc:date>
    <dc:identifier>
      <rdf:Description>
        <hsterms:hydroshareIdentifier>http://hydroshare.orgc089907ca48b4007bff7cd1ead5c51f4</hsterms:hydroshareIdentifier>
      </rdf:Description>
    </dc:identifier>
  </rdf:Description>
</rdf:RDF>
