<?xml version="1.0" encoding="UTF-8"?>
<rdf:RDF
   xmlns:citoterms="http://purl.org/spar/cito/"
   xmlns:dc="http://purl.org/dc/elements/1.1/"
   xmlns:dcterms="http://purl.org/dc/terms/"
   xmlns:foaf="http://xmlns.com/foaf/0.1/"
   xmlns:hsterms="http://hydroshare.org/hydroshare/terms/"
   xmlns:ore="http://www.openarchives.org/ore/terms/"
   xmlns:rdf="http://www.w3.org/1999/02/22-rdf-syntax-ns#"
   xmlns:rdfs1="http://www.w3.org/2001/01/rdf-schema#"
>
  <rdf:Description rdf:about="http://www.openarchives.org/ore/terms/Aggregation">
    <rdfs1:isDefinedBy>http://www.openarchives.org/ore/terms/</rdfs1:isDefinedBy>
    <rdfs1:label>Aggregation</rdfs1:label>
  </rdf:Description>
  <rdf:Description rdf:about="http://www.openarchives.org/ore/terms/ResourceMap">
    <rdfs1:label>ResourceMap</rdfs1:label>
    <rdfs1:isDefinedBy>http://www.openarchives.org/ore/terms/</rdfs1:isDefinedBy>
  </rdf:Description>
  <rdf:Description rdf:about="http://foresite-toolkit.googlecode.com/#pythonAgent">
    <foaf:mbox>foresite@googlegroups.com</foaf:mbox>
    <foaf:name>Foresite Toolkit (Python)</foaf:name>
  </rdf:Description>
  <rdf:Description rdf:about="http://hydroshare.org/resources/Test RefTS resource/resourcemap.xml#aggregation">
    <dcterms:created>2015.01.16.23.47.04</dcterms:created>
    <hsterms:hydroshareResourceType>RefTimeSeries</hsterms:hydroshareResourceType>
    <ore:aggregates rdf:resource="http://hydroshare.org/resources/Test RefTS resource/resourcemetadata.json"/>
    <rdf:type rdf:resource="http://www.openarchives.org/ore/terms/Aggregation"/>
    <dc:title>Test RefTS resource</dc:title>
    <ore:isDescribedBy>http://hydroshare.org/resources/Test RefTS resource/resourcemap.xml</ore:isDescribedBy>
    <ore:isDocumentedBy>http://hydroshare.org/resources/Test RefTS resource/resourcemetadata.json</ore:isDocumentedBy>
  </rdf:Description>
  <rdf:Description rdf:about="http://hydroshare.org/resources/Test RefTS resource/resourcemap.xml">
    <ore:describes rdf:resource="http://hydroshare.org/resources/Test RefTS resource/resourcemap.xml#aggregation"/>
    <dcterms:modified>2015-01-16T23:47:04Z</dcterms:modified>
    <dcterms:identifier>resource_identifier</dcterms:identifier>
    <dcterms:creator rdf:resource="http://foresite-toolkit.googlecode.com/#pythonAgent"/>
    <dcterms:created>2015-01-16T23:47:04Z</dcterms:created>
    <rdf:type rdf:resource="http://www.openarchives.org/ore/terms/ResourceMap"/>
    <dc:format>application/rdf+xml</dc:format>
  </rdf:Description>
  <rdf:Description rdf:about="http://hydroshare.org/resources/Test RefTS resource/resourcemetadata.json">
    <dc:title>Dublin Core science metadata document describing the HydroShare resource</dc:title>
    <dcterms:isAggregatedBy>http://hydroshare.org/resources/Test RefTS resource/resourcemap.xml#aggregation</dcterms:isAggregatedBy>
    <citoterms:documents>http://hydroshare.org/resources/Test RefTS resource/resourcemap.xml#aggregation</citoterms:documents>
    <dcterms:format>application/rdf+xml</dcterms:format>
  </rdf:Description>
</rdf:RDF>
