<?xml version="1.0"?>
<!DOCTYPE rdf:RDF PUBLIC "-//DUBLIN CORE//DCMES DTD 2002/07/31//EN"
"http://dublincore.org/documents/2002/07/31/dcmes-xml/dcmes-xml-dtd.dtd">
<rdf:RDF xmlns:dcterms="http://purl.org/dc/terms/" xmlns:rdf="http://www.w3.org/1999/02/22-rdf-syntax-ns#" xmlns:dc="http://purl.org/dc/elements/1.1/" xmlns:hsterms="http://hydroshare.org/terms/">
  <rdf:Description rdf:about="http://hydroshare.org0f69794510d5485a8bd4d23b4f0b3d14">
    <dc:title>Test gen res by pk</dc:title>
    <dc:type rdf:resource="genericresource"/>
    <dc:description>
      <rdf:Description>
        <dcterms:abstract>&lt;p&gt;Testing after installation&lt;/p&gt;</dcterms:abstract>
      </rdf:Description>
    </dc:description>
    <dc:creator>
      <rdf:Description>
        <hsterms:name>admin</hsterms:name>
        <hsterms:creatorOrder>1</hsterms:creatorOrder>
      </rdf:Description>
    </dc:creator>
    <dc:contributor>
      <rdf:Description>
        <hsterms:name>admin</hsterms:name>
      </rdf:Description>
    </dc:contributor>
    <dc:coverage/>
    <dc:date>
      <dcterms:created>
        <rdf:value>2014-11-23T11:51:07T-000023</rdf:value>
      </dcterms:created>
    </dc:date>
    <dc:date>
      <dcterms:modified>
        <rdf:value>2014-11-23T11:51:07T-000023</rdf:value>
      </dcterms:modified>
    </dc:date>
    <dc:identifier>
      <rdf:Description>
        <hsterms:hydroshareIdentifier>http://hydroshare.org0f69794510d5485a8bd4d23b4f0b3d14</hsterms:hydroshareIdentifier>
      </rdf:Description>
    </dc:identifier>
  </rdf:Description>
</rdf:RDF>
