<rdf:RDF xmlns:dcterms="http://purl.org/dc/terms/" xmlns:rdf="http://www.w3.org/1999/02/22-rdf-syntax-ns#" xmlns:dc="http://purl.org/dc/elements/1.1/" xmlns:hsterms="http://hydroshare.org/terms/">
  <rdf:Description rdf:about="http://localhost:8000/resource/bf636634509c47869e1808a81585381d">
    <dc:creator>
      <rdf:Description>
        <hsterms:name>Jeffrey Sadler</hsterms:name>
        <hsterms:creatorOrder>1</hsterms:creatorOrder>
        <hsterms:email>jeffrey.sadler2@gmail.com</hsterms:email>
      </rdf:Description>
    </dc:creator>
    <dc:date>
      <dcterms:created>
        <rdf:value>2015-02-10T08:55:42T-000010</rdf:value>
      </dcterms:created>
    </dc:date>
    <dc:date>
      <dcterms:modified>
        <rdf:value>2015-02-10T08:55:42T-000010</rdf:value>
      </dcterms:modified>
    </dc:date>
    <dc:identifier>
      <rdf:Description>
        <hsterms:hydroShareIdentifier>http://localhost:8000/resource/bf636634509c47869e1808a81585381d</hsterms:hydroShareIdentifier>
      </rdf:Description>
    </dc:identifier>
  </rdf:Description>
</rdf:RDF>
