<rdf:RDF xmlns:dcterms="http://purl.org/dc/terms/" xmlns:rdf="http://www.w3.org/1999/02/22-rdf-syntax-ns#" xmlns:dc="http://purl.org/dc/elements/1.1/" xmlns:hsterms="http://hydroshare.org/terms/">
  <rdf:Description rdf:about="http://localhost:8000/resource/69df344f44914543a79d37c386ecfb5e">
    <dc:creator>
      <rdf:Description>
        <hsterms:name>admin</hsterms:name>
        <hsterms:creatorOrder>1</hsterms:creatorOrder>
        <hsterms:email>example@example.com</hsterms:email>
      </rdf:Description>
    </dc:creator>
    <dc:date>
      <dcterms:created>
        <rdf:value>2015-02-10T08:47:55T-000010</rdf:value>
      </dcterms:created>
    </dc:date>
    <dc:date>
      <dcterms:modified>
        <rdf:value>2015-02-10T08:47:56T-000010</rdf:value>
      </dcterms:modified>
    </dc:date>
    <dc:identifier>
      <rdf:Description>
        <hsterms:hydroShareIdentifier>http://localhost:8000/resource/69df344f44914543a79d37c386ecfb5e</hsterms:hydroShareIdentifier>
      </rdf:Description>
    </dc:identifier>
  </rdf:Description>
</rdf:RDF>
